BEGIN;

DELETE FROM "member";
DELETE FROM "project";
DELETE FROM "user";

INSERT INTO "user" VALUES
    ('00000000-0001-0000-0000-000000000001', 'a@a.a', 'Mr. A', '$2a$10$mTEkiQq2Wo./aqfekJHPk.5sG8JLWqWYbtMODwk9xQwQp0GtkCiM.', 'ADMIN', '00000000-0001-0000-0000-abcdef123641'), -- aaaa
    ('00000000-0001-0000-0000-000000000002', 'b@b.b', 'Berta Berta', '$2a$10$Ydzo0FR5x8ZweeaeIQS2gevmLqsZuS37.bWRYy.f.u62NG00MAOcS', 'USER', '00000000-0001-0000-2343-abcdef123641'), -- bbbb
    ('00000000-0001-0000-0000-000000000003', 'c@c.c', 'Gaius Iulius Caesar', '$2a$10$OgvbSbiDxizgC/6K3dhVwO8iY6.QFS6f2PvE1AyJS1Vmo6Rnb3Gve', 'OBSERVER', '00000000-0001-8676-0000-abcdef123641'); -- cccc
INSERT INTO "project" VALUES
  ('00000000-0001-0000-0000-000000000001', 'Testpröject1', 'T€stpröject1\nDescription\t1337',
   to_date('2016-11-11', 'YYYY-MM-DD'), NULL),
  ('00000000-0001-0000-0000-000000000002', 'Testpröject2', 'T€stpröject2\nDescription\t1337',
   to_date('2016-11-11', 'YYYY-MM-DD'), NULL),
  ('00000000-0001-0000-0000-000000000003', 'Testpröject3', 'T€stpröject3\nDescription\t1337',
   to_date('2016-11-11', 'YYYY-MM-DD'), NULL);
COMMIT;
INSERT INTO "member" VALUES
  ('00000000-0001-0000-0000-000000000001', '00000000-0001-0000-0000-000000000001', 'ADMIN',
   to_date('2016-11-11', 'YYYY-MM-DD')),
  ('00000000-0001-0000-0000-000000000002', '00000000-0001-0000-0000-000000000001', 'ADMIN',
   to_date('2016-12-11', 'YYYY-MM-DD')),
  ('00000000-0001-0000-0000-000000000002', '00000000-0001-0000-0000-000000000002', 'ADMIN',
   to_date('2016-10-11', 'YYYY-MM-DD')),
  ('00000000-0001-0000-0000-000000000003', '00000000-0001-0000-0000-000000000002', 'ADMIN',
   to_date('2016-10-13', 'YYYY-MM-DD'));

COMMIT;
